{
  "accuracy": 0.6037735939025879,
  "val_accuracy": 0.800000011920929,
  "loss": 1.270195484161377,
  "val_loss": 0.7402483224868774,
  "epochs_completed": 5,
  "training_date": "2025-08-02T21:41:43.553676",
  "training_type": "Fine-tuning",
  "base_model_used": true,
  "dataset_size": 63,
  "class_count": 5,
  "class_names": [
    "Cloudy",
    "Rain",
    "Shine",
    "Sunrise",
    "Unknown"
  ],
  "accuracy_history": [
    0.1320754736661911,
    0.2641509473323822,
    0.37735849618911743,
    0.37735849618911743,
    0.6037735939025879
  ],
  "val_accuracy_history": [
    0.4000000059604645,
    0.5,
    0.699999988079071,
    0.6000000238418579,
    0.800000011920929
  ],
  "loss_history": [
    3.6128385066986084,
    2.6126797199249268,
    1.8740887641906738,
    1.6279256343841553,
    1.270195484161377
  ],
  "val_loss_history": [
    1.781760811805725,
    1.1595076322555542,
    0.8859546780586243,
    0.871729850769043,
    0.7402483224868774
  ],
  "improvement_note": " (Improved by +47.2% from base model)"
}